"","m.Num.Cable Tripped","m.Num.Fire","m.Num.Hurricane Lily","m.Num.Ice Storm","m.Num.Interruption of Firm Load","m.Num.Interruption of Firm Power","m.Num.Interruption of Firm Power (Unit Tripped)","m.Num.Severe Weather","m.Num.Vandalism/ Insulators","m.Num.Winter Storm","m.Num.Breaker Closed","m.Num.Breaker Failure","m.Num.Cable Failure","m.Num.Cyber Threat From Internet ","m.Num.Earthquake","m.Num.Fault on 138 KV line","m.Num.Flood","m.Num.High Winds","m.Num.Hurricane Claudette","m.Num.Hurricane Isabel","m.Num.Major Wind Storm","m.Num.Public Appeal ","m.Num.Relaying Malfunction","m.Num.Severe Storm ","m.Num.Severe Storms","m.Num.Severe Thunderstorms","m.Num.Storm with High Winds","m.Num.Tornado","m.Num.Transmission  Equipment","m.Num.Transmission Equipment","m.Num.Tropical Storm Bill","m.Num.Unit Tripped","m.Num.Unknown *","m.Num.Vandalism","m.Num.Wild Fire","m.Num.Wild Fire Ð Transmission Equipment","m.Num.Wind Storm","m.Num.Winter Ice Storm","m.Num.NA","m.Num.Fault at Barre Substation","m.Num.Fault on Line","m.Num.Faulty Switch","m.Num.Fire/Substation Multiple Public Appeals","m.Num.Fuel Supply Deficiency - Williams Company: Event for Trans Continental Gas Pipeline","m.Num.Heat Storm","m.Num.Heavy Rain and Wind Storm","m.Num.Heavy Snow, High Winds and Rain/Major Distribution System Interruption","m.Num.High Wind Gusts","m.Num.High Winds - Severe Storm","m.Num.High Winds and Heavy Rains","m.Num.Hurricane Charley","m.Num.Hurricane Frances","m.Num.Hurricane Ivan","m.Num.Hurricane Jeanne","m.Num.Inadequate Resources","m.Num.Lightning struck Intertie Breaker ","m.Num.Load Shedding","m.Num.Major Freezing Rain and Ice Storm","m.Num.Major Transmission Distribution System Interruption","m.Num.Major Transmission Line Tripped due to Lightning Strike","m.Num.Public Appeal  ","m.Num.Public Appeal to Reduce Load","m.Num.Public Appeal/Breaker Failure and Fire","m.Num.Public Appeals","m.Num.Public Appeals ","m.Num.Severe  Thunderstorms with Strong Winds","m.Num.Severe Storm","m.Num.Severe Storm with High Wind Gusts","m.Num.Severe Storms with Strong Winds","m.Num.Severe Thunderstorms with Strong Winds","m.Num.Severe Weather/Line Relayed","m.Num.Snow Storm","m.Num.Strong Thunderstorms","m.Num.Strong Winds","m.Num.Switch Error Concerning Breakers","m.Num.Thunderstorms","m.Num.Tropical Storm Gaston","m.Num.Two Large Units Tripped","m.Num.Units Tripped","m.Num.Unplanned Generator Outage/High Loads Made Public Appeal","m.Num.Wildfire","m.Num.Wildfire/Shed Interruptible Load","m.Num.Breaker protection cable accidentally cut","m.Num.CA ISO  Stage 2 -Initiated interruption of Air Conditioner Cycling Interruptible Load Program","m.Num.CA ISO Stage 2 -Initiated interruption of Air Conditioner Cycling Interruptible Load Program","m.Num.CAISO determined there was  inadequate electric resources to serve load.  Public appeals and a shedding of interruptible and firm load occurred.","m.Num.CAISO initiated interruption of  interruptible and firm load due to declaration of  Transmission Emergency in Southern California","m.Num.High Winds/Tornados","m.Num.Hurricane Dennis","m.Num.Hurricane Katrina","m.Num.Hurricane Katrina ","m.Num.Hurricane Katrina  disrupted normal gas allotment through natural gas pipelines (FGT & Gulf stream). Public appeals for conservation were issued.","m.Num.Hurricane Katrina disrupted fuel supply in the Gulf of Mexico. Public appeals for conservation were issued.","m.Num.Hurricane Katrina disrupted normal gas supplies distribution. Public appeals for conservation were issued.","m.Num.Hurricane Ophelia","m.Num.Hurricane Rita","m.Num.Hurricane Rita  disrupted normal gas allotment through natural gas pipelines (FGT & Gulf stream). Public Appeals for conservation were issued.","m.Num.Hurricane Rita disrupted fuel supply in the Gulf of Mexico. Public Appeals for conservation were issued.","m.Num.Hurricane Wilma","m.Num.Hurricane Wilma ","m.Num.Plant Tripped","m.Num.Severe Thunderstorm","m.Num.Tropical Storm Cindy","m.Num.Voltage Reduction/Load Shed","m.Num.Declared Energy Emergency Alert 2/Heat Wave","m.Num.Earthquakes","m.Num.HIgh Winds","m.Num.Inadequate Electric Resources to Serve Load","m.Num.Lightning Storm","m.Num.Lightning Storms/Tripped Lines","m.Num.Lightning Strike","m.Num.Load Reduction/Public Appeals Made","m.Num.Load Shed","m.Num.Load Shed/ Declared EECP","m.Num.Load Shed/Declared EECP","m.Num.Load Shed/Made Public Appeals/Rolling Blackouts","m.Num.Made Public Appeals","m.Num.Made Public Appeals/Heat Wave","m.Num.Main Power Transformer Failure/Voltage Reduction/Fire","m.Num.Major Snow Storm","m.Num.Major Storms/Tornadoes","m.Num.Severe Lightning Storms","m.Num.Severe Snow Storm","m.Num.Severe Storms (3) (Many customers experienced multiple outages.)","m.Num.Severe Thunderstorm/ Snow/Ice Storm","m.Num.Severe Weather/ Tornadoes","m.Num.Severe Weather/Public Appeals Made/Voltage Reduction","m.Num.Severe Windstorm","m.Num.Severe Winter Storm","m.Num.Shed Firm Load","m.Num.Shed Firm Load/ Reduced Voltage","m.Num.Shed Firm Load/Reduced Voltage","m.Num.System Wide Voltage Reduction","m.Num.Transmission Equipment Failure/Fire","m.Num.Transmission Equipment/Fire","m.Num.Tropical Storm Ernesto","m.Num.Wet Snow/Winds","m.Num.Widespread Heat Wave/CAISO  Implementation of Stage 2 Electrical Emergency Plan","m.Num.Widespread Heat Wave/CAISO Implementation of Stage 2 Electrical Emergency Plan","m.Num.Widespread Heat Wave/Public Appeals Made","m.Num.Wind/Snow Storm","m.Num.Winter Snow/Ice Storm","m.Num.Brush Fire/Load Shedding","m.Num.Brush Fire/Load Shedding/Implemented Emergency Alert","m.Num.Declared Energy Emergency Alert 1/Heat wave","m.Num.Declared Energy Emergency Alert2/Heat Wave","m.Num.Electrical Separation/Load Shedding/Made Public Appeal","m.Num.Electrical System Separation","m.Num.Electrical System Separation/Load Shedding/ Implemented Emergency Alert/ Severe Storms","m.Num.Electrical System Separation/Load Shedding/ Implemented Emergency Alert/Severe Storms","m.Num.Fire/Load Shedding","m.Num.Heavy Snow Storm","m.Num.High Temperatures/Made Public Appeals","m.Num.Hurricane Humberto","m.Num.Ice/Wind Storm","m.Num.Lightning","m.Num.Loss of Load","m.Num.Made Public Appeal","m.Num.Major Storm","m.Num.Major Storms","m.Num.Major Windstorm","m.Num.Public Appeal","m.Num.Severe Weather/Transmission Fault-Units Tripped","m.Num.Shed Load","m.Num.Trip of a Unit","m.Num.Tropical Storm","m.Num.Voltage Reduction","m.Num.Voltage Reduction/Made Public Appeal","m.Num.Voltage Reduction/Made Public Appeal/Fuel Deficiency","m.Num.Brush Fire/Lines Loss/Transmission Emergency Declared","m.Num.Brush Fire/Shed Firm Load","m.Num.Declared Energy Emergency Alert 1/Made Public Appeals","m.Num.Declared Stage 1 Electric Emergency/Made Public Appeal","m.Num.Electric System Separation","m.Num.Electric System Separation/Severe Lightning Storms","m.Num.Electrical System Separation/Severe Lightning Storms","m.Num.Electrical System Separation/Severe Thunderstorms","m.Num.Equipment Failure/Made Public Appeal","m.Num.Equipment Faulted","m.Num.Exciter Faulted","m.Num.Fire/Breaker Failure","m.Num.Flooding and Uncontrolled Loss","m.Num.Fuel Supply Curtailed","m.Num.Fuel Supply Deficiency","m.Num.Fuel Supply Emergency-Low Coal Inventory Levels","m.Num.Heat Wave/Potential Fire Threat/Made Public Appeals","m.Num.Hurricane Dolly","m.Num.Hurricane Gustav","m.Num.Hurricane Ike","m.Num.Indequate Electric Resources to Serve Load","m.Num.Indequate Electric Resources to Serve Load/Public Appeal","m.Num.Lightning Stirke/Uncontrolled Loss of Load","m.Num.Lightning/Transmission Equipment Damage","m.Num.Lines Loss/Transmission","m.Num.Load Shedding, Inadequate Electric Resources to Serve Load","m.Num.Load Shedding/Voltage Reduction","m.Num.Severe Wind Storm","m.Num.Shed Firm Load/Voltage Reduction","m.Num.Storm","m.Num.Thunderstorms/Uncontrolled Loss of Load","m.Num.Transmission Equipment Failure","m.Num.Transmission Equipment Failure/Load Shedding","m.Num.Tropical Depression Ike","m.Num.Tropical Storm Fay","m.Num.Tropical Storm Hanna","m.Num.Uncontrolled Loss","m.Num.Under Frequency/Load Shedding","m.Num.Wild Land Fire","m.Num.Wind/Ice Storm","m.Num.Windstorm","m.Num.Complete Electric System Failure","m.Num.Failure of Computer Hardware Used for Monitoring","m.Num.Forced Outage Equipment Failure","m.Num.High Winds and Rain","m.Num.High Winds/Rain","m.Num.Highwinds","m.Num.Ice","m.Num.Ice/Snow Storm","m.Num.Load Shed/Made Public Appeals","m.Num.Loss of Part of Substation","m.Num.Substation Load Interruption","m.Num.Switching Failure","m.Num.Transformer Faulted/Unit Tripped","m.Num.Transmission System Interruption","m.Num.Transmission Tripped","m.Num.Tropical Storm Ida","m.Num.Unit Shut Down","m.Num.Breakers Tripped","m.Num.Electrical System Separation-Islanding","m.Num.Electrical System Separation - Islanding","m.Num.Electrical System Separation (Islanding)","m.Num.Firm Load Shed","m.Num.Firm System Load Loss","m.Num.Firm System Load Shed","m.Num.Fuel Supply Deficiency (Hydro)","m.Num.Fuel Supply Defiency","m.Num.Generator Tripped","m.Num.High Winds and Flooding","m.Num.High Winds and rain","m.Num.Ice Storm/Electrical System Separation","m.Num.Interruptible Load Shed","m.Num.Interruptible Load Shed/Made Public Appeals","m.Num.Loss of Transmission Equipment","m.Num.Low Flying Helicopter","m.Num.Made Public Appeal - System Drill","m.Num.Made Public Appeal/Transmission Equipment Failure","m.Num.Rain and High Winds","m.Num.Shed Interruptible Load, Wildfire","m.Num.Snow and High Winds","m.Num.Strong Winds, Tornadoes","m.Num.Transformer Outage","m.Num.Transmission Equipment Failure/Interruptible Load Shed","m.Num.Transmission Equipment/Firm System Load","m.Num.Voltage Reduction (System Test)","m.Num.Actual Physical Attack","m.Num.Cold Weather Event","m.Num.Distribution System Interruption","m.Num.Electrical Fault at Generator","m.Num.Equipment Malfunction","m.Num.Fuel Supply Deficiency (Coal)","m.Num.Fuel Supply Deficiency (Natural Gas)","m.Num.Generation Inadequacy/Load Shed","m.Num.Generation Inadequacy; Load Shed","m.Num.Generation Inadequacy; Load Shed; Electrical System Separation (Islanding)","m.Num.Load Shed/ Automatic undervoltage relay action","m.Num.Major System Interruption/Load Shed","m.Num.Physical Attack","m.Num.Public Appeal to Reduce Electricity Usage","m.Num.Severe Weather - High Winds","m.Num.Suspected Cyber Attack","m.Num.Suspected Physical Attack","m.Num.Suspected Sabotage","m.Num.Suspected Telecommunications Attack","m.Num.Suspicious Activity","m.Num.Transmission Level Interruption","m.Num.Transmission Level Outage","m.Num.Transmission/Distribution Interruption; Load Shed; Generation Inadequacy","m.Num.Energy Deficiency Alert","m.Num.Equipment Trip & Failure","m.Num.Fuel Supply Deficiency (Water)","m.Num.Load Shed/Severe Weather  - Lightning Storm","m.Num.Operational Failure/Equipment Malfunction","m.Num.Operational Failure; Storm Damage","m.Num.Physical Attack; Vandalism","m.Num.Public Appeal to Reduce Energy Usage","m.Num.Sabotage","m.Num.Severe Weather - Cold Front, High Winds","m.Num.Severe Weather - Dust Storm; Load Shed Event","m.Num.Severe Weather - Hurricane Isaac","m.Num.Severe Weather - Hurricane Sandy","m.Num.Severe Weather - Nor'easter","m.Num.Severe Weather - Thunderstorm","m.Num.Severe Weather - Thunderstorms","m.Num.Severe Weather - Tornadoes ","m.Num.Severe Weather - TS Isaac","m.Num.Severe Weather - Wind & Rain","m.Num.Severe Weather - Wind & Storms","m.Num.Severe Weather - Winter Storm","m.Num.Severe Weather  ","m.Num.Severe Weather; Equipment Failure","m.Num.Suspected physical attack","m.Num.Transmission Interruption","m.Num.Vandalism   ","m.Num.Vandalism; Theft","m.Num.Vandalsim","m.Num.Cyber Event with Potential to Cause Impact","m.Num.Distribution Interruption","m.Num.Electrical System Separation (Islanding","m.Num.Electrical System Separation (Islanding); Severe Weather","m.Num.Equipment Failure","m.Num.Equipment Failure; Transmission System Interruption","m.Num.Fuel Supply Emergencies (Coal)","m.Num.Fuel Supply Emergency - Petroleum","m.Num.Fuel Supply Emergency (Natural Gas & Fuel Oil)","m.Num.Fuel Supply Emergency (Natural Gas)","m.Num.Generator Trip; Load Shed","m.Num.Generator Trip; Load Shed 100+ MW","m.Num.Generator Trip; Voltage Reduction","m.Num.Load Shed 100+ MW","m.Num.Load Shed 100+MW","m.Num.Load Shed of 100+ MW","m.Num.Load Shed of 100+ MW Under Emergency Operational Policy","m.Num.Loss of 300+ MW Load","m.Num.Loss of 300+ MW Load; Severe Weather - Thunderstorms","m.Num.Loss of Part of a High Voltage Substation, Physical Attack","m.Num.Loss of Power from Wholesale Provider; Major Distribution Disruption","m.Num.Physcial Attack; Sabotage","m.Num.Physcial Attack; Vandalism","m.Num.Physical Attack - Vandalism","m.Num.Physical Attack - Vandalism, Theft","m.Num.Physical Attack; Copper Theft","m.Num.Physical Attack; Vandalism  ","m.Num.Physical Attack; Vandalism   ","m.Num.Physical Attack; Vandalism & Sabotage","m.Num.Public Appeal - Heatwave","m.Num.Sabotage; Vandalism","m.Num.Severe Weather - Fog","m.Num.Severe Weather - Hail Storm","m.Num.Severe Weather - Hailstorm","m.Num.Severe Weather - Heavy Winds","m.Num.Severe Weather - Ice and Snow Storm","m.Num.Severe Weather - Ice/Snow","m.Num.Severe Weather - Lightning","m.Num.Severe Weather - Lightning Strike","m.Num.Severe Weather - Storms and Wind","m.Num.Severe Weather - Tornadoes","m.Num.Severe Weather - Tornados","m.Num.Severe Weather - Wind Storm","m.Num.Severe Weather - Winter Storm Nemo","m.Num.System-wide voltage reductions of 3 percent or more","m.Num.Vandalism - Copper Wire Theft","m.Num.Vandalism/Theft","m.Num.Vandalism; Equipment Fault","m.Num.Voltage Reduction; Line and Generator Trip","m.Num.Distribution Interruption - Unknown Cause","m.Num.Electrical System Islanding","m.Num.Fuel Supply Emergency - Coal","m.Num.Fuel Supply Emergency - Hydro","m.Num.Fuel Supply Emergency - Natural Gas","m.Num.Fuel Supply Emergency due to Severe Weather - Cold","m.Num.Load shedding of 100 Megawatts","m.Num.Operational Failure of Electrical System","m.Num.Physical Attack - Sabatoge","m.Num.Physical Attack - Suspcious Activity","m.Num.Public Appeal due to Severe Weather - Cold","m.Num.Public Appeal to Reduce Electricity Usage - Wild Fires","m.Num.Public Appeal to Reduce Electricity Usage; Load Shed of 100 MW","m.Num.Severe Weather- High Winds","m.Num.Severe Weather - Cold","m.Num.Severe Weather - Ice","m.Num.Severe Weather - Snow/Ice","m.Num.Severe Weather - Thunderstorms/High Winds","m.Num.Severe Weather - Wind","m.Num.Suspected Physical Attack - Suspcious Activity","m.Num.Suspected Physical Attack - Vandalism","m.Num.Uncontrolled Loss of 300 Megawatts","m.Num.Voltage Reduction due to Severe Weather - Cold","m.Num.Voltage Reduction; Public Appeal due to Severe Weather - Cold","m.Num.Voltage Reduction; Public Appeal; Load Shed 100+MW due to Severe Weather - Cold","m.Num.Other","m.Num.Severe Weather - Winter","m.Num.Suspicious Activity ","m.Num.System Operations","m.Num.Cyber Attack","m.Num.Islanding","m.Num.Sabotage - Operator Action(s)","m.Num.Weather"
"2002",0,63500,242910,502809.2,255000,NA,NA,107500,0,469375.714285714,NA,NA,NA,NA,NA,NA,NA,NA,NA,NA,NA,NA,NA,NA,NA,NA,NA,NA,NA,NA,NA,NA,NA,NA,NA,NA,NA,NA,NA,NA,NA,NA,NA,NA,NA,NA,NA,NA,NA,NA,NA,NA,NA,NA,NA,NA,NA,NA,NA,NA,NA,NA,NA,NA,NA,NA,NA,NA,NA,NA,NA,NA,NA,NA,NA,NA,NA,NA,NA,NA,NA,NA,NA,NA,NA,NA,NA,NA,NA,NA,NA,NA,NA,NA,NA,NA,NA,NA,NA,NA,NA,NA,NA,NA,NA,NA,NA,NA,NA,NA,NA,NA,NA,NA,NA,NA,NA,NA,NA,NA,NA,NA,NA,NA,NA,NA,NA,NA,NA,NA,NA,NA,NA,NA,NA,NA,NA,NA,NA,NA,NA,NA,NA,NA,NA,NA,NA,NA,NA,NA,NA,NA,NA,NA,NA,NA,NA,NA,NA,NA,NA,NA,NA,NA,NA,NA,NA,NA,NA,NA,NA,NA,NA,NA,NA,NA,NA,NA,NA,NA,NA,NA,NA,NA,NA,NA,NA,NA,NA,NA,NA,NA,NA,NA,NA,NA,NA,NA,NA,NA,NA,NA,NA,NA,NA,NA,NA,NA,NA,NA,NA,NA,NA,NA,NA,NA,NA,NA,NA,NA,NA,NA,NA,NA,NA,NA,NA,NA,NA,NA,NA,NA,NA,NA,NA,NA,NA,NA,NA,NA,NA,NA,NA,NA,NA,NA,NA,NA,NA,NA,NA,NA,NA,NA,NA,NA,NA,NA,NA,NA,NA,NA,NA,NA,NA,NA,NA,NA,NA,NA,NA,NA,NA,NA,NA,NA,NA,NA,NA,NA,NA,NA,NA,NA,NA,NA,NA,NA,NA,NA,NA,NA,NA,NA,NA,NA,NA,NA,NA,NA,NA,NA,NA,NA,NA,NA,NA,NA,NA,NA,NA,NA,NA,NA,NA,NA,NA,NA,NA,NA,NA,NA,NA,NA,NA,NA,NA,NA,NA,NA,NA,NA,NA,NA,NA,NA,NA,NA,NA,NA,NA,NA,NA,NA,NA,NA,NA,NA,NA,NA,NA,NA,NA,NA,NA,NA,NA,NA,NA,NA,NA,NA,NA,NA,NA,NA,NA,NA,NA,NA,NA,NA,NA,NA,NA,NA,NA,NA,NA,NA,NA,NA,NA,NA,NA,NA,NA
"2003",NA,NA,NA,425000,NA,192000,NA,NA,NA,241000,90000,47000,120000,NA,109750,18003,2,120333.333333333,108000,573195.142857143,104195,0,68530,160000,123380.666666667,110815.777777778,105140,1,4,8251,179299,1,NA,0,108000,3e+05,156000,340000,NA,NA,NA,NA,NA,NA,NA,NA,NA,NA,NA,NA,NA,NA,NA,NA,NA,NA,NA,NA,NA,NA,NA,NA,NA,NA,NA,NA,NA,NA,NA,NA,NA,NA,NA,NA,NA,NA,NA,NA,NA,NA,NA,NA,NA,NA,NA,NA,NA,NA,NA,NA,NA,NA,NA,NA,NA,NA,NA,NA,NA,NA,NA,NA,NA,NA,NA,NA,NA,NA,NA,NA,NA,NA,NA,NA,NA,NA,NA,NA,NA,NA,NA,NA,NA,NA,NA,NA,NA,NA,NA,NA,NA,NA,NA,NA,NA,NA,NA,NA,NA,NA,NA,NA,NA,NA,NA,NA,NA,NA,NA,NA,NA,NA,NA,NA,NA,NA,NA,NA,NA,NA,NA,NA,NA,NA,NA,NA,NA,NA,NA,NA,NA,NA,NA,NA,NA,NA,NA,NA,NA,NA,NA,NA,NA,NA,NA,NA,NA,NA,NA,NA,NA,NA,NA,NA,NA,NA,NA,NA,NA,NA,NA,NA,NA,NA,NA,NA,NA,NA,NA,NA,NA,NA,NA,NA,NA,NA,NA,NA,NA,NA,NA,NA,NA,NA,NA,NA,NA,NA,NA,NA,NA,NA,NA,NA,NA,NA,NA,NA,NA,NA,NA,NA,NA,NA,NA,NA,NA,NA,NA,NA,NA,NA,NA,NA,NA,NA,NA,NA,NA,NA,NA,NA,NA,NA,NA,NA,NA,NA,NA,NA,NA,NA,NA,NA,NA,NA,NA,NA,NA,NA,NA,NA,NA,NA,NA,NA,NA,NA,NA,NA,NA,NA,NA,NA,NA,NA,NA,NA,NA,NA,NA,NA,NA,NA,NA,NA,NA,NA,NA,NA,NA,NA,NA,NA,NA,NA,NA,NA,NA,NA,NA,NA,NA,NA,NA,NA,NA,NA,NA,NA,NA,NA,NA,NA,NA,NA,NA,NA,NA,NA,NA,NA,NA,NA,NA,NA,NA,NA,NA,NA,NA,NA,NA,NA,NA,NA,NA,NA,NA,NA,NA,NA,NA,NA,NA,NA,NA,NA,NA,NA,NA,NA,NA,NA,NA,NA,NA,NA,NA,NA,NA,NA,NA,NA,NA,NA,NA
"2004",NA,NA,NA,69610,NA,NA,NA,NA,NA,384000,NA,NA,NA,NA,NA,NA,NA,122000,NA,NA,NA,NA,NA,NA,61004,181489.875,179000,120212,NA,NA,NA,NA,NA,NA,NA,NA,NA,NA,NA,182000,30000,1e+05,NA,0,940,105312,165000,159870,63000,94366,349500,602284.428571429,319579,442057.5,70000,NA,35000,359171,59458,380000,NA,18600,NA,0,0,59057,126721.666666667,264720,5e+05,56874,95000,145000,88316.6666666667,187000,NA,67797.5,112408,259478,42124,NA,61624,NA,NA,NA,NA,NA,NA,NA,NA,NA,NA,NA,NA,NA,NA,NA,NA,NA,NA,NA,NA,NA,NA,NA,NA,NA,NA,NA,NA,NA,NA,NA,NA,NA,NA,NA,NA,NA,NA,NA,NA,NA,NA,NA,NA,NA,NA,NA,NA,NA,NA,NA,NA,NA,NA,NA,NA,NA,NA,NA,NA,NA,NA,NA,NA,NA,NA,NA,NA,NA,NA,NA,NA,NA,NA,NA,NA,NA,NA,NA,NA,NA,NA,NA,NA,NA,NA,NA,NA,NA,NA,NA,NA,NA,NA,NA,NA,NA,NA,NA,NA,NA,NA,NA,NA,NA,NA,NA,NA,NA,NA,NA,NA,NA,NA,NA,NA,NA,NA,NA,NA,NA,NA,NA,NA,NA,NA,NA,NA,NA,NA,NA,NA,NA,NA,NA,NA,NA,NA,NA,NA,NA,NA,NA,NA,NA,NA,NA,NA,NA,NA,NA,NA,NA,NA,NA,NA,NA,NA,NA,NA,NA,NA,NA,NA,NA,NA,NA,NA,NA,NA,NA,NA,NA,NA,NA,NA,NA,NA,NA,NA,NA,NA,NA,NA,NA,NA,NA,NA,NA,NA,NA,NA,NA,NA,NA,NA,NA,NA,NA,NA,NA,NA,NA,NA,NA,NA,NA,NA,NA,NA,NA,NA,NA,NA,NA,NA,NA,NA,NA,NA,NA,NA,NA,NA,NA,NA,NA,NA,NA,NA,NA,NA,NA,NA,NA,NA,NA,NA,NA,NA,NA,NA,NA,NA,NA,NA,NA,NA,NA,NA,NA,NA,NA,NA,NA,NA,NA,NA,NA,NA,NA,NA,NA,NA,NA,NA,NA,NA,NA,NA,NA,NA,NA,NA,NA,NA,NA,NA,NA,NA,NA,NA,NA,NA,NA,NA,NA,NA,NA,NA,NA,NA,NA,NA,NA,NA,NA,NA,NA,NA,NA,NA,NA,NA,NA,NA
"2005",NA,NA,NA,367829.5,NA,NA,NA,NA,NA,NA,NA,NA,NA,NA,NA,NA,NA,NA,NA,NA,NA,NA,NA,NA,1667316,67070.4,NA,NA,NA,NA,NA,NA,NA,NA,NA,NA,NA,NA,NA,NA,NA,NA,NA,NA,NA,NA,NA,NA,NA,NA,NA,NA,NA,NA,NA,NA,NA,NA,NA,NA,NA,NA,NA,NA,NA,NA,110000,NA,NA,NA,NA,NA,NA,NA,NA,NA,NA,NA,NA,NA,NA,NA,9e+05,128050,133900,NA,409000,2e+05,139051,522176.333333333,512049,0,0,0,60000,399200,0,0,1216744,84900,NA,112099.6,287000,80828.8333333333,NA,NA,NA,NA,NA,NA,NA,NA,NA,NA,NA,NA,NA,NA,NA,NA,NA,NA,NA,NA,NA,NA,NA,NA,NA,NA,NA,NA,NA,NA,NA,NA,NA,NA,NA,NA,NA,NA,NA,NA,NA,NA,NA,NA,NA,NA,NA,NA,NA,NA,NA,NA,NA,NA,NA,NA,NA,NA,NA,NA,NA,NA,NA,NA,NA,NA,NA,NA,NA,NA,NA,NA,NA,NA,NA,NA,NA,NA,NA,NA,NA,NA,NA,NA,NA,NA,NA,NA,NA,NA,NA,NA,NA,NA,NA,NA,NA,NA,NA,NA,NA,NA,NA,NA,NA,NA,NA,NA,NA,NA,NA,NA,NA,NA,NA,NA,NA,NA,NA,NA,NA,NA,NA,NA,NA,NA,NA,NA,NA,NA,NA,NA,NA,NA,NA,NA,NA,NA,NA,NA,NA,NA,NA,NA,NA,NA,NA,NA,NA,NA,NA,NA,NA,NA,NA,NA,NA,NA,NA,NA,NA,NA,NA,NA,NA,NA,NA,NA,NA,NA,NA,NA,NA,NA,NA,NA,NA,NA,NA,NA,NA,NA,NA,NA,NA,NA,NA,NA,NA,NA,NA,NA,NA,NA,NA,NA,NA,NA,NA,NA,NA,NA,NA,NA,NA,NA,NA,NA,NA,NA,NA,NA,NA,NA,NA,NA,NA,NA,NA,NA,NA,NA,NA,NA,NA,NA,NA,NA,NA,NA,NA,NA,NA,NA,NA,NA,NA,NA,NA,NA,NA,NA,NA,NA,NA,NA,NA,NA,NA,NA,NA,NA,NA,NA,NA,NA,NA,NA,NA,NA,NA,NA,NA,NA,NA,NA,NA,NA,NA,NA,NA,NA,NA,NA,NA,NA,NA,NA,NA,NA,NA,NA,NA
"2006",NA,NA,NA,550000,NA,NA,NA,190669.222222222,NA,NA,NA,NA,NA,NA,NA,NA,NA,114969.166666667,NA,NA,NA,NA,NA,NA,NA,147499.5,NA,NA,NA,NA,NA,NA,NA,NA,NA,NA,221238,NA,NA,NA,NA,NA,NA,NA,NA,NA,NA,NA,NA,NA,NA,NA,NA,NA,NA,NA,NA,NA,NA,NA,NA,NA,NA,NA,NA,NA,63000,NA,NA,NA,NA,185000,NA,123827,NA,NA,NA,NA,NA,NA,NA,NA,NA,NA,NA,NA,NA,NA,NA,NA,NA,NA,NA,NA,NA,NA,NA,NA,NA,NA,NA,68500,NA,54700,NA,175443,111000,NA,164105,0,NA,8000,61969.5,489478,125702,39000,NA,NA,18386,120000,186000,326158,126000,2500000,252089,115589,25000,140000,160000,NA,34716,106000,NA,55655,84500,149018.8,65000,NA,6,1271893,63992,94000,NA,NA,NA,NA,NA,NA,NA,NA,NA,NA,NA,NA,NA,NA,NA,NA,NA,NA,NA,NA,NA,NA,NA,NA,NA,NA,NA,NA,NA,NA,NA,NA,NA,NA,NA,NA,NA,NA,NA,NA,NA,NA,NA,NA,NA,NA,NA,NA,NA,NA,NA,NA,NA,NA,NA,NA,NA,NA,NA,NA,NA,NA,NA,NA,NA,NA,NA,NA,NA,NA,NA,NA,NA,NA,NA,NA,NA,NA,NA,NA,NA,NA,NA,NA,NA,NA,NA,NA,NA,NA,NA,NA,NA,NA,NA,NA,NA,NA,NA,NA,NA,NA,NA,NA,NA,NA,NA,NA,NA,NA,NA,NA,NA,NA,NA,NA,NA,NA,NA,NA,NA,NA,NA,NA,NA,NA,NA,NA,NA,NA,NA,NA,NA,NA,NA,NA,NA,NA,NA,NA,NA,NA,NA,NA,NA,NA,NA,NA,NA,NA,NA,NA,NA,NA,NA,NA,NA,NA,NA,NA,NA,NA,NA,NA,NA,NA,NA,NA,NA,NA,NA,NA,NA,NA,NA,NA,NA,NA,NA,NA,NA,NA,NA,NA,NA,NA,NA,NA,NA,NA,NA,NA,NA,NA,NA,NA,NA,NA,NA,NA,NA,NA,NA,NA,NA,NA,NA,NA,NA,NA,NA,NA,NA,NA,NA,NA,NA,NA,NA,NA,NA,NA,NA,NA,NA,NA,NA,NA,NA,NA,NA,NA,NA,NA,NA,NA,NA,NA,NA,NA,NA,NA,NA,NA,NA
"2007",NA,NA,NA,162324.285714286,NA,NA,NA,114150,NA,320220,NA,NA,NA,NA,NA,NA,NA,157744.25,NA,NA,NA,NA,NA,NA,464795,81178,NA,NA,NA,NA,NA,NA,NA,NA,NA,NA,NA,NA,NA,NA,NA,NA,NA,NA,NA,NA,NA,NA,NA,NA,NA,NA,NA,NA,NA,NA,92000,NA,NA,NA,NA,NA,NA,NA,NA,NA,112000,NA,NA,NA,NA,NA,NA,NA,NA,NA,NA,NA,NA,NA,NA,NA,NA,NA,NA,NA,NA,NA,NA,NA,NA,NA,NA,NA,NA,NA,NA,NA,NA,NA,NA,63000,NA,NA,NA,NA,33000,NA,NA,NA,NA,NA,NA,NA,NA,NA,NA,NA,NA,NA,NA,NA,NA,NA,NA,NA,NA,NA,NA,NA,NA,NA,NA,NA,NA,NA,NA,NA,NA,NA,NA,NA,129708.333333333,90323,NA,NA,0,9600,11175,8587.5,NA,122343.5,NA,118000,367500,137000,NA,NA,42722.5,203500,110433,NA,NA,26000,NA,62843,0,NA,0,NA,NA,NA,NA,NA,NA,NA,NA,NA,NA,NA,NA,NA,NA,NA,NA,NA,NA,NA,NA,NA,NA,NA,NA,NA,NA,NA,NA,NA,NA,NA,NA,NA,NA,NA,NA,NA,NA,NA,NA,NA,NA,NA,NA,NA,NA,NA,NA,NA,NA,NA,NA,NA,NA,NA,NA,NA,NA,NA,NA,NA,NA,NA,NA,NA,NA,NA,NA,NA,NA,NA,NA,NA,NA,NA,NA,NA,NA,NA,NA,NA,NA,NA,NA,NA,NA,NA,NA,NA,NA,NA,NA,NA,NA,NA,NA,NA,NA,NA,NA,NA,NA,NA,NA,NA,NA,NA,NA,NA,NA,NA,NA,NA,NA,NA,NA,NA,NA,NA,NA,NA,NA,NA,NA,NA,NA,NA,NA,NA,NA,NA,NA,NA,NA,NA,NA,NA,NA,NA,NA,NA,NA,NA,NA,NA,NA,NA,NA,NA,NA,NA,NA,NA,NA,NA,NA,NA,NA,NA,NA,NA,NA,NA,NA,NA,NA,NA,NA,NA,NA,NA,NA,NA,NA,NA,NA,NA,NA,NA,NA,NA,NA,NA,NA,NA,NA,NA,NA,NA,NA,NA,NA,NA,NA,NA,NA,NA,NA,NA,NA,NA,NA,NA,NA,NA,NA,NA,NA,NA,NA,NA,NA,NA,NA,NA,NA,NA,NA
"2008",NA,NA,NA,232888.428571429,NA,NA,NA,207721.636363636,NA,2606931,NA,NA,NA,NA,NA,NA,NA,84650.5714285714,NA,NA,NA,NA,NA,NA,132200,112014.7,NA,NA,NA,NA,NA,NA,NA,NA,NA,NA,324693.142857143,NA,NA,NA,NA,NA,NA,NA,NA,NA,NA,NA,NA,NA,NA,NA,NA,NA,NA,NA,110671.833333333,NA,NA,NA,NA,NA,NA,NA,NA,NA,111000,NA,NA,NA,NA,91300,NA,NA,NA,113074.5,NA,NA,NA,NA,NA,NA,NA,NA,NA,NA,NA,NA,NA,NA,NA,NA,NA,NA,NA,NA,NA,NA,NA,NA,NA,NA,NA,NA,NA,NA,NA,19,221269.333333333,NA,NA,NA,NA,NA,NA,NA,8000,NA,NA,NA,NA,NA,NA,NA,NA,NA,NA,NA,NA,94060,NA,NA,NA,NA,NA,NA,NA,NA,NA,NA,NA,NA,NA,NA,NA,NA,NA,6069.2,NA,NA,53000,NA,NA,NA,NA,294000,NA,NA,157744,NA,NA,NA,NA,NA,NA,NA,NA,NA,NA,37784,115500,0,0,9700,110000,477,18000,3,NA,NA,NA,21000,0,0,0,0,211266,453364,682242.666666667,19,NA,NA,71823,156729,NA,100948,126000,2e+05,122500,37330,584384,32593,378968.75,206446.666666667,60731.5,61000,83875.3333333333,2e+05,86915,141130,NA,NA,NA,NA,NA,NA,NA,NA,NA,NA,NA,NA,NA,NA,NA,NA,NA,NA,NA,NA,NA,NA,NA,NA,NA,NA,NA,NA,NA,NA,NA,NA,NA,NA,NA,NA,NA,NA,NA,NA,NA,NA,NA,NA,NA,NA,NA,NA,NA,NA,NA,NA,NA,NA,NA,NA,NA,NA,NA,NA,NA,NA,NA,NA,NA,NA,NA,NA,NA,NA,NA,NA,NA,NA,NA,NA,NA,NA,NA,NA,NA,NA,NA,NA,NA,NA,NA,NA,NA,NA,NA,NA,NA,NA,NA,NA,NA,NA,NA,NA,NA,NA,NA,NA,NA,NA,NA,NA,NA,NA,NA,NA,NA,NA,NA,NA,NA,NA,NA,NA,NA,NA,NA,NA,NA,NA,NA,NA,NA,NA,NA,NA,NA,NA,NA,NA,NA,NA,NA,NA,NA,NA,NA,NA,NA,NA,NA,NA,NA,NA,NA,NA,NA,NA,NA,NA,NA,NA,NA,NA,NA,NA,NA,NA,NA,NA,NA,NA,NA,NA,NA,NA,NA,NA,NA,NA,NA
"2009",NA,NA,NA,120949.888888889,NA,NA,NA,127429.5,NA,106099,NA,NA,NA,NA,NA,NA,NA,126685.857142857,NA,NA,NA,NA,NA,NA,437500,121278,NA,NA,NA,NA,NA,1,NA,NA,NA,NA,NA,NA,NA,NA,NA,NA,NA,NA,NA,NA,NA,NA,NA,NA,NA,NA,NA,NA,NA,NA,NA,NA,NA,NA,NA,NA,NA,NA,NA,NA,159254.75,NA,NA,NA,NA,NA,NA,NA,NA,72425,NA,NA,NA,NA,NA,NA,NA,NA,NA,NA,NA,NA,NA,NA,NA,NA,NA,NA,NA,NA,NA,NA,NA,NA,NA,84964.5,NA,NA,NA,NA,NA,NA,NA,NA,NA,NA,NA,NA,NA,NA,NA,NA,NA,NA,NA,NA,NA,NA,NA,NA,NA,NA,NA,NA,NA,NA,NA,NA,NA,NA,NA,NA,NA,NA,NA,NA,NA,NA,NA,NA,NA,22,NA,NA,NA,NA,NA,NA,NA,NA,NA,NA,NA,NA,NA,NA,NA,9700,NA,NA,NA,NA,NA,NA,NA,NA,NA,NA,NA,NA,NA,NA,NA,NA,NA,NA,NA,NA,NA,NA,NA,NA,NA,NA,NA,NA,NA,NA,NA,NA,NA,NA,NA,NA,54333.6666666667,NA,NA,NA,NA,NA,NA,NA,NA,NA,11000,NA,NA,498277,121500,70264,35500,95540.4,NA,NA,280000,NA,NA,NA,93300,335000,NA,NA,NA,NA,NA,NA,NA,NA,NA,NA,NA,NA,NA,NA,NA,NA,NA,NA,NA,NA,NA,NA,NA,NA,NA,NA,NA,NA,NA,NA,NA,NA,NA,NA,NA,NA,NA,NA,NA,NA,NA,NA,NA,NA,NA,NA,NA,NA,NA,NA,NA,NA,NA,NA,NA,NA,NA,NA,NA,NA,NA,NA,NA,NA,NA,NA,NA,NA,NA,NA,NA,NA,NA,NA,NA,NA,NA,NA,NA,NA,NA,NA,NA,NA,NA,NA,NA,NA,NA,NA,NA,NA,NA,NA,NA,NA,NA,NA,NA,NA,NA,NA,NA,NA,NA,NA,NA,NA,NA,NA,NA,NA,NA,NA,NA,NA,NA,NA,NA,NA,NA,NA,NA,NA,NA,NA,NA,NA,NA,NA,NA,NA,NA,NA,NA,NA,NA,NA,NA,NA,NA,NA,NA,NA,NA,NA,NA,NA,NA,NA,NA,NA,NA,NA,NA,NA,NA,NA,NA,NA,NA
"2010",NA,NA,NA,68705,NA,NA,NA,128782.666666667,NA,150235.722222222,NA,NA,NA,NA,NA,NA,NA,138851.2,NA,NA,NA,NA,NA,NA,NA,120000,NA,NA,NA,NA,NA,NA,NA,NA,NA,NA,NA,NA,NA,NA,NA,NA,NA,NA,NA,NA,NA,NA,NA,NA,NA,NA,NA,NA,NA,NA,NA,NA,NA,NA,NA,NA,NA,NA,NA,NA,481805.75,NA,NA,NA,NA,NA,NA,NA,NA,102138.882352941,NA,NA,NA,NA,NA,NA,NA,NA,NA,NA,NA,NA,NA,NA,NA,NA,NA,NA,NA,NA,NA,NA,NA,NA,NA,NA,NA,NA,NA,NA,NA,NA,NA,NA,NA,NA,NA,NA,NA,NA,NA,NA,NA,NA,NA,NA,NA,NA,NA,NA,NA,NA,NA,NA,NA,NA,NA,NA,NA,NA,NA,NA,NA,NA,NA,NA,NA,NA,NA,NA,NA,NA,NA,NA,NA,NA,NA,NA,NA,NA,NA,NA,NA,NA,NA,NA,NA,NA,NA,340350,NA,NA,NA,NA,NA,NA,NA,2650,NA,NA,NA,NA,NA,NA,NA,NA,NA,NA,NA,NA,NA,NA,NA,NA,NA,NA,NA,NA,NA,NA,NA,NA,NA,NA,NA,NA,NA,NA,NA,NA,NA,NA,NA,NA,NA,NA,NA,184061.5,NA,NA,NA,NA,NA,NA,NA,NA,NA,16786,NA,NA,NA,NA,2674,5198.25,15000,NA,NA,NA,NA,NA,NA,180000,177528,0,NA,NA,43903,NA,NA,25159,73514,NA,60863,63000,18400,NA,NA,NA,NA,NA,NA,NA,NA,NA,NA,NA,NA,NA,NA,NA,NA,NA,NA,NA,NA,NA,NA,NA,NA,NA,NA,NA,NA,NA,NA,NA,NA,NA,NA,NA,NA,NA,NA,NA,NA,NA,NA,NA,NA,NA,NA,NA,NA,NA,NA,NA,NA,NA,NA,NA,NA,NA,NA,NA,NA,NA,NA,NA,NA,NA,NA,NA,NA,NA,NA,NA,NA,NA,NA,NA,NA,NA,NA,NA,NA,NA,NA,NA,NA,NA,NA,NA,NA,NA,NA,NA,NA,NA,NA,NA,NA,NA,NA,NA,NA,NA,NA,NA,NA,NA,NA,NA,NA,NA,NA,NA,NA,NA,NA,NA,NA,NA,NA,NA,NA,NA,NA,NA,NA,NA,NA,NA,NA,NA,NA,NA,NA,NA,NA,NA,NA
"2011",NA,NA,NA,272880,NA,NA,NA,NA,NA,153542.3,NA,NA,NA,NA,0,NA,NA,NA,NA,NA,NA,NA,NA,NA,NA,111807.615384615,NA,NA,NA,NA,NA,NA,NA,NA,NA,NA,NA,NA,NA,NA,NA,NA,NA,NA,NA,NA,NA,NA,NA,NA,NA,NA,NA,NA,NA,NA,NA,NA,NA,NA,NA,NA,NA,NA,NA,NA,NA,NA,NA,NA,NA,NA,NA,NA,NA,NA,NA,NA,NA,NA,NA,NA,NA,NA,NA,NA,NA,NA,NA,NA,NA,NA,NA,NA,NA,NA,NA,NA,NA,NA,NA,NA,NA,NA,NA,NA,NA,NA,NA,NA,NA,NA,NA,NA,NA,NA,NA,NA,NA,NA,NA,NA,NA,NA,NA,NA,NA,NA,NA,NA,NA,NA,NA,NA,NA,NA,NA,NA,NA,NA,NA,NA,NA,NA,NA,NA,NA,NA,NA,NA,NA,NA,NA,NA,NA,NA,NA,NA,86654.6666666667,NA,NA,NA,NA,NA,NA,NA,NA,NA,NA,NA,NA,NA,NA,NA,NA,NA,NA,NA,NA,NA,NA,NA,NA,NA,NA,NA,NA,NA,NA,NA,NA,NA,NA,NA,NA,NA,NA,NA,NA,NA,NA,NA,NA,NA,NA,NA,NA,NA,NA,NA,NA,NA,NA,NA,NA,NA,NA,NA,NA,NA,NA,NA,NA,NA,NA,NA,NA,NA,NA,NA,NA,NA,NA,20900,NA,NA,NA,NA,NA,NA,NA,NA,NA,NA,NA,NA,NA,NA,NA,NA,NA,NA,NA,NA,0,NA,1200,0,NA,NA,NA,281908.6,319616,78213,162000,160000,NA,NA,165711,NA,NA,0,0,NA,10000,165000,2e+06,NA,NA,NA,NA,NA,NA,NA,NA,NA,NA,NA,NA,NA,NA,NA,NA,NA,NA,NA,NA,NA,NA,NA,NA,NA,NA,NA,NA,NA,NA,NA,NA,NA,NA,NA,NA,NA,NA,NA,NA,NA,NA,NA,NA,NA,NA,NA,NA,NA,NA,NA,NA,NA,NA,NA,NA,NA,NA,NA,NA,NA,NA,NA,NA,NA,NA,NA,NA,NA,NA,NA,NA,NA,NA,NA,NA,NA,NA,NA,NA,NA,NA,NA,NA,NA,NA,NA,NA,NA,NA,NA,NA,NA,NA,NA,NA,NA,NA,NA,NA,NA,NA,NA,NA,NA,NA,NA,NA,NA,NA
"2012",NA,NA,NA,NA,NA,NA,NA,NA,NA,NA,NA,NA,NA,NA,NA,NA,NA,NA,NA,NA,NA,NA,NA,NA,NA,NA,NA,NA,NA,NA,NA,NA,NA,NA,NA,NA,NA,NA,NA,NA,NA,NA,NA,NA,NA,NA,NA,NA,NA,NA,NA,NA,NA,NA,NA,NA,NA,NA,NA,NA,NA,NA,NA,NA,NA,NA,NA,NA,NA,NA,NA,NA,NA,NA,NA,NA,NA,NA,NA,NA,NA,NA,NA,NA,NA,NA,NA,NA,NA,NA,NA,NA,NA,NA,NA,NA,NA,NA,NA,NA,NA,NA,NA,NA,NA,NA,NA,NA,NA,NA,NA,NA,NA,NA,NA,NA,NA,NA,NA,NA,NA,NA,NA,NA,NA,NA,NA,NA,NA,NA,NA,NA,NA,NA,NA,NA,NA,NA,NA,NA,NA,NA,NA,NA,NA,NA,NA,NA,NA,NA,NA,NA,NA,NA,NA,NA,NA,NA,NA,NA,NA,NA,NA,NA,NA,NA,371526,NA,NA,NA,NA,NA,NA,NA,NA,NA,NA,NA,NA,NA,NA,NA,NA,0,NA,NA,NA,NA,NA,NA,NA,NA,NA,NA,NA,NA,NA,NA,NA,NA,NA,NA,NA,NA,NA,NA,NA,NA,NA,NA,NA,NA,NA,NA,NA,NA,NA,NA,NA,NA,NA,NA,NA,9800,NA,NA,NA,NA,NA,NA,360.5,NA,NA,NA,NA,NA,NA,NA,NA,NA,NA,NA,NA,NA,NA,NA,NA,NA,NA,NA,NA,NA,NA,NA,NA,NA,NA,NA,NA,NA,NA,NA,NA,NA,NA,NA,NA,NA,111393,NA,NA,NA,NA,NA,NA,NA,NA,NA,9e+05,NA,1,NA,6100,NA,NA,0,262000,NA,245754.5,NA,153525,1200,329550.055555556,NA,440000,190000,50001,192251.5,69106,70000,NA,12000,0,0,0,NA,NA,NA,NA,NA,NA,NA,NA,NA,NA,NA,NA,NA,NA,NA,NA,NA,NA,NA,NA,NA,NA,NA,NA,NA,NA,NA,NA,NA,NA,NA,NA,NA,NA,NA,NA,NA,NA,NA,NA,NA,NA,NA,NA,NA,NA,NA,NA,NA,NA,NA,NA,NA,NA,NA,NA,NA,NA,NA,NA,NA,NA,NA,NA,NA,NA,NA,NA,NA,NA,NA,NA,NA,NA,NA,NA,NA,NA,NA,NA,NA,NA
"2013",NA,NA,NA,NA,NA,NA,NA,NA,NA,NA,NA,NA,NA,NA,NA,NA,NA,NA,NA,NA,NA,NA,NA,NA,NA,NA,NA,NA,NA,NA,NA,NA,NA,NA,NA,NA,NA,NA,NA,NA,NA,NA,NA,NA,NA,NA,NA,NA,NA,NA,NA,NA,NA,NA,NA,NA,NA,NA,NA,NA,NA,NA,NA,NA,NA,NA,NA,NA,NA,NA,NA,NA,NA,NA,NA,NA,NA,NA,NA,NA,NA,NA,NA,NA,NA,NA,NA,NA,NA,NA,NA,NA,NA,NA,NA,NA,NA,NA,NA,NA,NA,NA,NA,NA,NA,NA,NA,NA,NA,NA,NA,NA,NA,NA,NA,NA,NA,NA,NA,NA,NA,NA,NA,NA,NA,NA,NA,NA,NA,NA,NA,NA,197287,NA,NA,NA,NA,NA,NA,NA,NA,NA,NA,NA,NA,NA,NA,NA,NA,NA,NA,NA,NA,NA,NA,NA,NA,NA,NA,NA,NA,NA,NA,NA,NA,NA,NA,NA,NA,NA,NA,NA,NA,NA,NA,NA,NA,NA,NA,NA,NA,NA,NA,NA,NA,NA,NA,NA,NA,NA,NA,NA,NA,NA,NA,NA,NA,NA,NA,NA,NA,NA,NA,NA,NA,NA,NA,NA,NA,NA,NA,NA,NA,NA,NA,NA,NA,NA,NA,NA,NA,NA,NA,32575,NA,NA,NA,NA,NA,NA,NA,NA,NA,NA,NA,NA,NA,NA,NA,NA,NA,NA,NA,NA,NA,NA,NA,NA,NA,NA,NA,NA,NA,NA,NA,NA,NA,NA,NA,NA,NA,NA,NA,NA,NA,NA,NA,NA,NA,NA,NA,NA,NA,NA,NA,NA,NA,NA,52000,NA,NA,NA,NA,NA,NA,NA,NA,NA,NA,NA,NA,NA,128327.166666667,NA,NA,NA,NA,146666.666666667,NA,NA,NA,NA,NA,NA,NA,0,12000,NA,NA,94127.5,NA,NA,1,NA,NA,262937,21800,NA,NA,NA,NA,37,104498,40000,0,NA,NA,NA,NA,NA,NA,NA,NA,1100,NA,0,148000,171117,296500,105000,325325,211872.5,NA,124000,99188,130852.5,84153,107500,52148,7500,NA,NA,NA,393000,NA,NA,NA,NA,NA,NA,NA,NA,NA,NA,NA,NA,NA,NA,NA,NA,NA,NA,NA,NA,NA,NA,NA,NA,NA,NA,NA,NA,NA,NA,NA,NA,NA
"2014",NA,NA,NA,NA,NA,NA,NA,115325,NA,NA,NA,NA,NA,NA,70000,NA,NA,NA,NA,NA,NA,NA,NA,NA,NA,NA,NA,NA,NA,NA,NA,NA,NA,NA,NA,NA,NA,NA,NA,NA,NA,NA,NA,NA,NA,NA,NA,NA,NA,NA,NA,NA,NA,NA,NA,NA,NA,NA,NA,NA,NA,NA,NA,NA,NA,NA,NA,NA,NA,NA,NA,NA,NA,NA,NA,NA,NA,NA,NA,NA,NA,NA,NA,NA,NA,NA,NA,NA,NA,NA,NA,NA,NA,NA,NA,NA,NA,NA,NA,NA,NA,NA,NA,NA,NA,NA,NA,NA,NA,NA,NA,NA,NA,NA,NA,NA,NA,NA,NA,NA,NA,NA,NA,NA,NA,NA,NA,NA,NA,NA,NA,NA,NA,NA,NA,NA,NA,NA,NA,NA,NA,NA,NA,NA,NA,NA,NA,NA,NA,NA,NA,NA,NA,NA,NA,NA,NA,NA,NA,NA,NA,NA,NA,NA,NA,NA,NA,NA,NA,NA,NA,NA,NA,NA,NA,NA,NA,NA,NA,NA,NA,NA,NA,NA,NA,NA,NA,NA,NA,NA,NA,NA,NA,NA,NA,NA,NA,NA,NA,NA,NA,NA,NA,NA,NA,NA,NA,NA,NA,NA,NA,NA,NA,NA,NA,NA,NA,NA,NA,NA,NA,NA,NA,NA,NA,NA,NA,NA,NA,NA,NA,NA,NA,NA,NA,NA,NA,NA,NA,NA,NA,NA,NA,NA,NA,NA,NA,NA,NA,NA,NA,NA,NA,NA,NA,NA,NA,NA,NA,NA,NA,NA,NA,NA,NA,NA,NA,NA,61377,NA,NA,NA,NA,NA,NA,NA,NA,NA,NA,NA,NA,NA,NA,NA,NA,NA,NA,NA,NA,NA,NA,NA,NA,NA,NA,NA,NA,145013.25,NA,NA,NA,NA,NA,NA,NA,NA,NA,NA,NA,NA,NA,NA,NA,NA,NA,NA,NA,NA,NA,NA,NA,NA,NA,NA,NA,NA,NA,NA,NA,NA,NA,NA,NA,NA,NA,NA,NA,NA,NA,56000,NA,NA,NA,NA,NA,NA,NA,NA,NA,NA,NA,NA,NA,NA,75000,NA,NA,NA,NA,NA,27428,6549,NA,NA,NA,933475.333333333,NA,NA,NA,181000,222837.25,66445,97070.8,NA,NA,1,NA,NA,677858,NA,NA,NA,NA,NA,NA,NA,NA
"2015",NA,NA,NA,NA,NA,NA,NA,NA,NA,NA,NA,NA,NA,NA,NA,NA,NA,NA,NA,NA,NA,NA,NA,NA,NA,NA,NA,NA,NA,NA,NA,NA,NA,NA,NA,NA,NA,NA,NA,NA,NA,NA,NA,NA,NA,NA,NA,NA,NA,NA,NA,NA,NA,NA,NA,NA,NA,NA,NA,NA,NA,NA,NA,NA,NA,NA,NA,NA,NA,NA,NA,NA,NA,NA,NA,NA,NA,NA,NA,NA,NA,NA,NA,NA,NA,NA,NA,NA,NA,NA,NA,NA,NA,NA,NA,NA,NA,NA,NA,NA,NA,NA,NA,NA,NA,NA,NA,NA,NA,NA,NA,NA,NA,NA,NA,NA,NA,NA,NA,NA,NA,NA,NA,NA,NA,NA,NA,NA,NA,NA,NA,NA,NA,NA,NA,NA,NA,NA,NA,NA,NA,NA,NA,NA,NA,NA,NA,NA,NA,NA,NA,NA,NA,NA,NA,NA,NA,NA,NA,NA,NA,NA,NA,NA,NA,NA,NA,NA,NA,NA,NA,NA,NA,NA,NA,NA,NA,NA,NA,NA,NA,NA,NA,NA,NA,NA,NA,NA,NA,NA,NA,NA,NA,NA,NA,NA,NA,NA,NA,NA,NA,NA,NA,NA,NA,NA,NA,NA,NA,NA,NA,NA,NA,NA,NA,NA,NA,NA,NA,NA,NA,NA,NA,NA,NA,NA,NA,NA,NA,NA,NA,NA,NA,NA,NA,NA,NA,NA,NA,NA,NA,NA,NA,NA,NA,NA,NA,NA,NA,NA,NA,NA,NA,NA,NA,NA,NA,NA,NA,NA,NA,NA,NA,NA,NA,NA,NA,NA,NA,NA,NA,NA,NA,NA,NA,NA,NA,NA,NA,NA,NA,NA,NA,NA,NA,NA,NA,NA,NA,NA,NA,NA,70000,NA,NA,NA,NA,NA,NA,NA,NA,NA,NA,NA,NA,NA,NA,NA,NA,NA,NA,NA,NA,NA,NA,NA,NA,NA,NA,NA,NA,NA,NA,NA,NA,NA,NA,NA,NA,NA,NA,NA,NA,NA,NA,NA,NA,NA,NA,NA,NA,NA,NA,NA,NA,NA,NA,NA,NA,NA,NA,NA,NA,NA,NA,NA,NA,NA,NA,NA,NA,NA,NA,NA,NA,NA,NA,NA,NA,NA,NA,NA,68000,NA,NA,NA,NA,NA,NA,NA,NA,NA,NA,NA,NA,NA,NA
"2016",NA,NA,NA,NA,NA,NA,NA,NA,NA,NA,NA,NA,NA,NA,NA,NA,NA,NA,NA,NA,NA,NA,NA,NA,NA,NA,NA,NA,NA,NA,NA,NA,NA,0,NA,NA,NA,NA,NA,NA,NA,NA,NA,NA,NA,NA,NA,NA,NA,NA,NA,NA,NA,NA,NA,NA,NA,NA,NA,NA,NA,NA,NA,NA,NA,NA,NA,NA,NA,NA,NA,NA,NA,NA,NA,NA,NA,NA,NA,NA,NA,NA,NA,NA,NA,NA,NA,NA,NA,NA,NA,NA,NA,NA,NA,NA,NA,NA,NA,NA,NA,NA,NA,NA,NA,NA,NA,NA,NA,NA,NA,NA,NA,NA,NA,NA,NA,NA,NA,NA,NA,NA,NA,NA,NA,NA,NA,NA,NA,NA,NA,NA,NA,NA,NA,NA,NA,NA,NA,NA,NA,NA,NA,NA,NA,NA,NA,NA,NA,NA,NA,NA,NA,NA,NA,NA,NA,NA,NA,NA,NA,NA,NA,NA,NA,NA,NA,NA,NA,NA,NA,NA,NA,NA,NA,NA,NA,NA,NA,NA,NA,NA,NA,0,NA,NA,NA,NA,NA,NA,NA,NA,NA,NA,NA,NA,NA,NA,NA,NA,NA,NA,NA,NA,NA,NA,NA,NA,NA,NA,NA,NA,NA,NA,NA,NA,NA,NA,NA,NA,NA,NA,NA,NA,NA,NA,NA,NA,NA,NA,NA,NA,NA,NA,NA,NA,NA,NA,NA,NA,NA,NA,NA,NA,NA,NA,NA,NA,NA,NA,NA,NA,NA,NA,NA,NA,NA,NA,NA,NA,NA,NA,NA,NA,NA,NA,NA,NA,NA,NA,NA,NA,NA,NA,NA,NA,NA,NA,NA,NA,NA,NA,NA,NA,NA,NA,NA,NA,NA,NA,NA,NA,NA,NA,NA,NA,NA,NA,NA,NA,NA,NA,NA,NA,NA,NA,NA,NA,NA,NA,NA,NA,NA,NA,NA,NA,NA,NA,NA,NA,NA,NA,NA,NA,NA,NA,NA,NA,NA,NA,NA,NA,NA,NA,NA,NA,NA,NA,NA,NA,NA,NA,NA,NA,NA,NA,NA,NA,NA,NA,NA,NA,NA,NA,NA,NA,NA,NA,NA,NA,NA,NA,NA,NA,NA,NA,NA,NA,NA,NA,NA,NA,NA,NA,NA,NA,NA,NA,NA,NA,NA,NA,0,NA,4300,2713,138211.416666667
